{"cameraMode":{"drawMode":0,"name":"Shaded","section":"Shading Mode"},"sceneLighting":true,"audioPlay":false,"sceneViewState":{"showFog":false,"showMaterialUpdate":false,"showSkybox":true,"showFlares":false,"showImageEffects":false,"showParticleSystems":false},"in2DMode":false,"pivot":{"x":-16.224279403686525,"y":-5.956376552581787,"z":158.71023559570313},"rotation":{"x":-0.18466727435588838,"y":-0.1807693988084793,"z":0.03457806259393692,"w":-0.9654143452644348},"size":44.49394989013672,"orthographic":false}